{
	"abalone": "5142",
	"abandonallartichokes": "45915",
	"abyss": "1616",
	"ageofcivilization": "56039",
	"agricola": "1616",
	"akeruption": "4691",
	"aknile": "5284",
	"akropolis": "55664",
	"alhambra": "18885",
	"almadi": "51076",
	"alveole": "8294",
	"amyitis": "10199",
	"anachrony": "49553",
	"apocalypseazcc": "20855",
	"applejack": "60557",
	"architectsofthewestkingdom": "28023",
	"arcticscavengers": "2662",
	"arknova": "52777",
	"armadora": "2121",
	"arnak": "40788",
	"artdecko": "52798",
	"artthief": "",
	"assyria": "7520",
	"astra": "62450",
	"automobiles": "21008",
	"azul": "19467",
	"babydinosaurrescue": "59215",
	"backgammon": "18392",
	"bahamataxi": "54239",
	"balloonpop!": "49140",
	"bandada": "41019",
	"bandido": "542",
	"bang": "4947",
	"baolakiswahili": "",
	"barbu": "12898",
	"barenpark": "20442",
	"barrage": "35512",
	"battleforhill": "9613",
	"battleoflits": "",
	"battleship": "33237",
	"belote": "18333",
	"betta": "56984",
	"beyondthesun": "42652",
	"bids": "",
	"bigmonster": "22941",
	"bigtimesoccer": "",
	"bigtwo": "",
	"biyi": "",
	"blackjack": "13030",
	"blaze": "61000",
	"blockarena": "",
	"bloodrage": "20017",
	"blooms": "63650",
	"blueskies": "42815",
	"bobail": "41716",
	"bombay": "8202",
	"boomerangaustralia": "36804",
	"boomerangeurope": "41786",
	"boomerangusa": "41785",
	"boop": "62968",
	"bossquest": "29672",
	"breakthecode": "33653",
	"briscola": "38868",
	"bubbleepop": "468",
	"bug": "",
	"bunnykingdom": "20071",
	"burglebros.": "26584",
	"butterfly": "37764",
	"buttons": "22047",
	"buyword": "15583",
	"cacao": "26539",
	"canosa": "",
	"cantstop": "24721",
	"cantstopexpress": "24560",
	"capereurope": "47651",
	"caravan": "33358",
	"carcassonne": "35740",
	"carcassonnehuntersandgatherers": "42889",
	"cardiceo": "50513",
	"caribbeanallfours": "",
	"carnegie": "57601",
	"carrara": "3140",
	"castlesofburgundy": "6932",
	"castlesofcaleira": "",
	"catan": "19279",
	"catcafe": "34704",
	"caverna": "40512",
	"caylus": "13212",
	"celestia": "817",
	"century": "61",
	"cephalopod": "9361",
	"chakra": "28191",
	"challengers": "59564",
	"checkers": "",
	"chess": "18277",
	"chicagoexpress": "1388",
	"chimerastation": "19552",
	"chinagold": "14839",
	"chinesecheckers": "",
	"chocolatefactory": "29309",
	"chromino": "7547",
	"cinco": "19055",
	"circleoflife": "",
	"cityofthebigshoulders": "27858",
	"clansofcaledonia": "20260",
	"clashofdecks": "46964",
	"cloudcity": "42839",
	"codexnaturalis": "40800",
	"coinche": "38854",
	"coins": "",
	"coloretto": "17089",
	"colorflush": "63986",
	"colorpop": "3642",
	"coltexpress": "1467",
	"commanderchess": "",
	"concept": "2120",
	"connectfour": "18005",
	"connectsix": "49141",
	"consonar": "",
	"conspiracy": "31421",
	"copenhagen": "29881",
	"cosmosempires": "59469",
	"coupcitystate": "3145",
	"coupell": "59198",
	"crazyeights": "22087",
	"crazyfarmers": "38106",
	"cribbage": "46853",
	"crimezoom": "55659",
	"crusadersthywillbedone": "28658",
	"cubirds": "24746",
	"cubosaurs": "55712",
	"cucumber": "",
	"darkagent": "20968",
	"decrypto": "19555",
	"detectivepoker": "",
	"deus": "1534",
	"diablo": "",
	"diams": "4419",
	"diceathlon": "65262",
	"dicedtomatoes": "51305",
	"diceforge": "43",
	"dicehospital": "33864",
	"dicehospitaler": "61247",
	"dicesummoners": "50865",
	"dicethemepark": "42953",
	"dingosdreams": "21329",
	"dinnerinparis": "41870",
	"dinosaurteaparty": "26991",
	"djambi": "26230",
	"dobble": "7659",
	"dobbleconnect": "63534",
	"dodo": "56072",
	"doglover": "",
	"dontgointhere": "",
	"dotsandboxes": "",
	"downforce": "25734",
	"draftcider": "",
	"draftosaurus": "28590",
	"dragonbridge": "",
	"dragoncastle": "23919",
	"dragonheart": "59008",
	"dragonkeeper": "20770",
	"dragonline": "51046",
	"dragonwood": "26998",
	"dronesvsseagulls": "54589",
	"dudo": "16886",
	"dungeonpetz": "3875",
	"dungeonroll": "2374",
	"dungeontwister": "14884",
	"earth": "63687",
	"egocentricworld": "40582",
	"eightmastersrevenge": "1972",
	"ekonos": "66695",
	"elawa": "64343",
	"elfenland": "18314",
	"elgrande": "18242",
	"emdomicrocosm": "33046",
	"eminentdomain": "37864",
	"epizodiak": "",
	"equinox": "46339",
	"eriantys": "52392",
	"escapefromthehiddencastle": "49230",
	"evergreen": "63180",
	"evl": "",
	"evogamenoname": "",
	"expeditions": "64042",
	"explorationwarzone": "",
	"factum": "",
	"faifo": "",
	"fairytrails": "39320",
	"farkle": "27472",
	"farmclub": "58910",
	"feastforodin": "49557",
	"fifteendays": "38092",
	"fightthelandlord": "",
	"finity": "",
	"fistfulofgold": "",
	"flamingpyramids": "45195",
	"fleet": "3781",
	"florenzacardgame": "34642",
	"flume": "67784",
	"fluxx": "23990",
	"forbiddenisland": "6357",
	"forex": "42168",
	"forsale": "1081",
	"fortheking": "49694",
	"fourcolorcards": "",
	"fractal": "",
	"frenchtarot": "41273",
	"fruitpicking": "57325",
	"gaia": "1277",
	"gaiaproject": "43104",
	"gangofdice": "63870",
	"gangsta": "33922",
	"gardennation": "",
	"gearnpiston": "21588",
	"geekoutmasters": "",
	"getonboard": "50438",
	"getonboardparisrome": "64303",
	"getthemacguffin": "",
	"ghostathome": "87145",
	"giftoftulips": "47563",
	"ginkgopolis": "46037",
	"gizmos": "26494",
	"glow": "44381",
	"go": "31383",
	"gofish": "",
	"gogoa": "63596",
	"goldwest": "32943",
	"golf": "",
	"gomoku": "12593",
	"gonutsfordonuts": "49594",
	"goodcopbadcop": "21295",
	"gopher": "15642",
	"gorami": "",
	"gosu": "6394",
	"grandbazaar": "49358",
	"greatwesterntrail": "53105",
	"grosstarock": "",
	"guildes": "21993",
	"guile": "52053",
	"gyges": "4706",
	"hacktrick": "1147",
	"hadara": "34754",
	"hadron": "",
	"haggis": "6484",
	"haiclue": "49147",
	"hanabi": "4665",
	"hanamikoji": "21037",
	"handandfoot": "12542",
	"happycity": "41745",
	"harbour": "20482",
	"hardback": "32908",
	"hawaii": "4027",
	"hearts": "",
	"heckinhounds": "59200",
	"herd": "",
	"heroesofhellas": "57278",
	"herooj": "",
	"herrlof": "37185",
	"hex": "9303",
	"hive": "12752",
	"hoarders": "34945",
	"hokito": "43280",
	"homesteaders": "3137",
	"homeworlds": "48492",
	"hoola": "59216",
	"hungariantarokk": "",
	"hydroracers": "48682",
	"hypnosia": "",
	"iceandthesky": "1059",
	"icebreaker": "54570",
	"icecoldicehockey": "",
	"illustori": "50193",
	"imhotep": "28464",
	"impasse": "",
	"imtheboss": "16760",
	"incangold": "42217",
	"injawara": "22860",
	"innovation": "49524",
	"insert": "",
	"intheyearofthedragon": "10031",
	"inventors": "337",
	"isaac": "4450",
	"itsawonderfulworld": "29009",
	"iwari": "29058",
	"jaipur": "32937",
	"jekyllvshide": "47693",
	"jumpdrive": "21089",
	"jumpgate": "4791",
	"justdesserts": "",
	"justone": "25929",
	"k2": "53340",
	"kabaleo": "4713",
	"kahuna": "18321",
	"kalah": "18177",
	"kami": "29890",
	"keyflower": "3150",
	"khronos": "11829",
	"kingdombuilder": "4258",
	"kingdomino": "397",
	"kingdoms": "",
	"kingofthepitch": "",
	"kingoftokyo": "29024",
	"kingsguild": "27623",
	"klaverjassen": "",
	"kmakici": "",
	"knockoutwhist": "",
	"koikoi": "2167",
	"konane": "",
	"koryo": "2217",
	"kqj": "2696",
	"krakenup": "",
	"krosmasterarena": "19282",
	"krosmasterblast": "25782",
	"kulami": "47465",
	"ladyandthetiger": "29850",
	"ladyschoice": "52796",
	"lagranja": "1205",
	"lama": "32502",
	"lamarcheducrabe": "37796",
	"laserreflection": "",
	"lasvegan": "52334",
	"ledernierpeuple": "1168",
	"legendraiders": "",
	"lettertycoon": "44436",
	"lewisclark": "2036",
	"lewisclarksecondedition": "40623",
	"libertalia": "3312",
	"lielow": "",
	"lifeline": "",
	"lineae": "",
	"lineit": "65371",
	"linesofaction": "15752",
	"linkage": "51606",
	"littlefactory": "48456",
	"liverpoolrummy": "18875",
	"livingforest": "50768",
	"locomomo": "53460",
	"logger": "66534",
	"lookatthestars": "58771",
	"lostcities": "36918",
	"lostexplorers": "",
	"lostseas": "54911",
	"loveletter": "29240",
	"lox": "19089",
	"luckynumbers": "41147",
	"lumen": "62400",
	"luxor": "23411",
	"machiavelli": "",
	"madeira": "1877",
	"mammalath": "51044",
	"mantisfalls": "41884",
	"mapmaker": "42758",
	"marcopolo": "1158",
	"marcopolotwo": "35043",
	"marrakech": "6816",
	"marram": "51045",
	"martiandice": "4404",
	"mascarade": "51343",
	"mattock": "49401",
	"meadow": "",
	"mechadream": "60246",
	"medina": "19123",
	"megalomania": "",
	"memoir": "15580",
	"mercadodelisboaste": "41795",
	"meridians": "",
	"metromaniab": "12534",
	"mia": "",
	"microdojo": "50521",
	"mijnlieff": "5583",
	"mindup": "63974",
	"minhwatu": "60323",
	"modten": "",
	"monsterfactory": "2642",
	"morocco": "22233",
	"mow": "58122",
	"mrjack": "19064",
	"mue": "",
	"murusgallicus": "",
	"mycity": "43658",
	"myfirstcastlepanic": "52558",
	"myshelfie": "61533",
	"nainjaune": "",
	"nangaparbat": "",
	"narabi": "",
	"nautilus": "",
	"neutreeko": "",
	"newfrontiers": "35544",
	"nextstation": "55261",
	"nextstationtokyo": "56138",
	"niagara": "46322",
	"nicodemus": "47133",
	"nidavellir": "36010",
	"ninemensmorris": "67187",
	"ninetynine": "",
	"ninetynineaddition": "",
	"nippon": "122",
	"noah": "3855",
	"noirkvi": "",
	"noneshallpass": "64946",
	"northwestpassage": "2110",
	"notalone": "408",
	"nothanks": "41158",
	"novaluna": "35857",
	"numberdrop": "49617",
	"nxs": "",
	"nylonppong": "",
	"oasis": "63996",
	"obsession": "28369",
	"offtherails": "32022",
	"ohhell": "37518",
	"ohseven": "",
	"onceuponaforest": "2123",
	"one": "",
	"onitama": "26887",
	"oriflamme": "35222",
	"origin": "1991",
	"oust": "59199",
	"outlaws": "21186",
	"painttheroses": "",
	"palace": "",
	"pandemic": "26543",
	"paniclab": "",
	"papayoo": "35247",
	"parisconnection": "",
	"parks": "3454",
	"patchwork": "20059",
	"pedro": "",
	"penaltychallenge": "49400",
	"pennypress": "22059",
	"pente": "12593",
	"phat": "",
	"photosynthesis": "20072",
	"pi": "",
	"piereighteen": "53431",
	"pingimus": "",
	"piratenkapern": "2734",
	"pointsalad": "36568",
	"pokerdice": "19680",
	"polis": "3325",
	"pontedeldiavolo": "10930",
	"potionexplosion": "47040",
	"president": "",
	"puertorico": "22060",
	"pugsinmugs": "59214",
	"pylos": "48236",
	"pyramidpoker": "20061",
	"pyrgos": "53851",
	"qawale": "60339",
	"quantik": "32416",
	"quantum": "2005",
	"quarto": "18304",
	"queenskings": "",
	"quetzal": "39215",
	"quinque": "27300",
	"quoridor": "5330",
	"raceforthegalaxy": "10200",
	"rage": "16708",
	"railroadink": "29106",
	"railwaysoftheworld": "7435",
	"rainbow": "53711",
	"rainforest": "58058",
	"rallymangt": "37271",
	"raubbau": "",
	"rauha": "61381",
	"redsevengame": "20788",
	"redstone": "",
	"reflectionsinthelookingglass": "",
	"regicide": "43804",
	"regidice": "",
	"rememberwhen": "",
	"resarcana": "29303",
	"restinpeace": "43856",
	"reversi": "5783",
	"riftvalleyreserve": "",
	"riichimahjong": "20913",
	"rive": "",
	"robotsateourpizza": "",
	"rollandbump": "21091",
	"rolledwest": "35209",
	"rollforthegalaxy": "616",
	"rollingpins": "67769",
	"rollintotown": "",
	"rolltothetopjourneys": "31101",
	"roomtwentyfive": "1348",
	"roppyakken": "",
	"ruhr": "19694",
	"russianrailroads": "1999",
	"saboteur": "15842",
	"sagani": "48922",
	"saintpetersburg": "1310",
	"saintpoker": "",
	"sakura": "19425",
	"samarkand": "62043",
	"santorini": "23865",
	"sapiens": "19907",
	"sasaki": "",
	"schroedingerscats": "49138",
	"scopa": "18409",
	"seasaltpaper": "59020",
	"seasons": "3383",
	"sechsnimmt": "18267",
	"secretmoon": "21430",
	"seikatsu": "25911",
	"senet": "13724",
	"sensei": "945",
	"senshi": "25841",
	"seotda": "18401",
	"setup": "65952",
	"sevens": "",
	"sevenwonders": "41062",
	"sevenwondersarchitects": "51868",
	"sevenwondersduel": "1005",
	"sheepboombah": "49402",
	"shiftingstones": "42760",
	"siam": "946",
	"signorie": "22246",
	"silo": "52604",
	"similo": "36953",
	"simplicity": "66224",
	"sixtyone": "61546",
	"skat": "15907",
	"skull": "2181",
	"smallislands": "22825",
	"sobek": "6168",
	"sobektwoplayers": "46597",
	"solarstorm": "54918",
	"solo": "17956",
	"solowhist": "",
	"soluna": "2832",
	"soulaween": "35767",
	"spacebase": "32602",
	"spaceempires:4x": "5311",
	"spacestationphoenix": "57442",
	"spades": "",
	"sparts": "",
	"spiritsoftheforest": "22980",
	"spiteandmalice": "",
	"splashdown": "",
	"splendor": "1875",
	"splito": "55570",
	"splits": "1837",
	"spots": "65518",
	"spyrium": "2196",
	"squadro": "26499",
	"starfluxx": "33958",
	"steamrollers": "18872",
	"steamworks": "1344",
	"stella": "47496",
	"stirfryeighteen": "38684",
	"stockpile": "857",
	"stoneage": "9607",
	"strands": "",
	"streets": "41825",
	"superfantasybrawl": "29888",
	"supermegaluckybox": "50937",
	"sushigo": "21882",
	"sushigoparty": "55684",
	"tablut": "12486",
	"takaraisland": "1056",
	"takenoko": "28498",
	"talon": "21222",
	"taluva": "2226",
	"tanghulu": "65263",
	"tapestry": "33711",
	"targi": "3925",
	"tashkalar": "1974",
	"teatime": "3658",
	"teotihuacan": "26363",
	"terramystica": "2596",
	"thatslife": "13938",
	"theboss": "33997",
	"thebuilders": "2034",
	"thebuildersantiquity": "1482",
	"thecrew": "37695",
	"thecrewdeepsea": "47581",
	"thegnomesofzavandor": "30710",
	"theisleofcats": "38772",
	"thejellymonsterlab": "49142",
	"themotherroad": "51396",
	"theninedomains": "",
	"thermopyles": "",
	"thevoid": "",
	"thirteenclues": "43717",
	"thirtyone": "",
	"thrive": "43277",
	"throneandthegrail": "59045",
	"throughtheages": "800",
	"throughtheagesnewstory": "5394",
	"thurnandtaxis": "12268",
	"tichu": "12056",
	"ticketgagnant": "64650",
	"tickettoride": "4484",
	"tictacmatch": "59828",
	"tigriseuphrates": "1238",
	"tiki": "22211",
	"timelinetwist": "67026",
	"timemasters": "1774",
	"tinnerstrail": "46063",
	"tinyfarms": "",
	"tiwanaku": "63568",
	"tobago": "7154",
	"toc": "54211",
	"toeshambo": "41507",
	"tokaido": "3676",
	"tournay": "4155",
	"tranquility": "50481",
	"tranquilitytheascent": "50478",
	"trekkingtheworld": "38252",
	"trektwelve": "41776",
	"triatri": "",
	"trickoftherails": "21696",
	"trio": "61611",
	"troggu": "",
	"troyes": "45633",
	"troyesdice": "37284",
	"trusis": "",
	"tucano": "45312",
	"tumbleweed": "",
	"turncoats": "58788",
	"turnthetide": "9139",
	"twentyfourseven": "7-10044",
	"twinpalms": "56421",
	"twintinbots": "1990",
	"tzolkin": "60409",
	"ultimaterailroads": "53852",
	"ultimatetictactoe": "65264",
	"unclechestnuttablegype": "",
	"unconditionalsurrender": "41183",
	"unitedsquare": "3822",
	"uptown": "10187",
	"vaalbara": "56933",
	"vegetables": "",
	"vegetablestock": "64164",
	"veggiegarden": "41404",
	"vektorace": "56861",
	"veletas": "",
	"veronatwist": "27324",
	"viamagica": "37539",
	"vidrasso": "",
	"villagers": "25101",
	"viticulture": "954",
	"volfyirionguilds": "50736",
	"volto": "57679",
	"vultureculture": "26014",
	"warchest": "34427",
	"welcometo": "19524",
	"welcometonewlasvegas": "36721",
	"werewolves": "18179",
	"whisttwentytwo": "14339",
	"wingspan": "28349",
	"wizard": "18994",
	"worldwidetennis": "40193",
	"xanadu": "22106",
	"xiangqi": "18006",
	"yaniv": "21210",
	"yatzy": "18271",
	"yinyang": "33883",
	"yokai": "32448",
	"yokohama": "24158",
	"yoxii": "54552",
	"yspahan": "12023",
	"zefiria": "",
	"zener": "59197",
	"zola": "53065",
	"zooloretto": "10968"
}